Company,word,n
Aveeno,discover,10
Aveeno,secret,10
Aveeno,natures,9
Aveeno,skin,8
Pantene Pro-V,hair,8
Nivea,beauty,7
Dove,beautiful,6
Dove,dove,6
Dove,hair,5
Jergens,skin,5
Aveeno,beautiful,4
Aveeno,healthy,4
Head & Shoulders,hair,4
Jergens,beautiful,4
Neutrogena,dermatologist,4
Neutrogena,skin,4
Pantene Pro-V,healthy,4
Avon,beauty,3
Avon,women,3
Dove,skin,3
Neutrogena,1,3
Neutrogena,recommended,3
Nivea,nivea,3
Nivea,skin,3
Nivea,soft,3
Pantene Pro-V,love,3
Revlon,love,3
Revlon,revlon,3
Revlon,unforgettable,3
Aveeno,ageless,2
Aveeno,radiant,2
Avon,avon,2
Avon,beautiful,2
Avon,company,2
Avon,home,2
Dove,beauty,2
Dove,morning,2
Dove,soap,2
Dove,women,2
Gillette,beauty,2
Gillette,skin,2
Head & Shoulders,beautiful,2
Head & Shoulders,black,2
Head & Shoulders,dandruff,2
Jergens,begins,2
Jergens,pure,2
Neutrogena,beautiful,2
Neutrogena,beneficial,2
Neutrogena,day,2
Neutrogena,sensitive,2
Neutrogena,soap,2
Nivea,stay,2
Pantene Pro-V,shines,2
Pantene Pro-V,strong,2
Revlon,colour,2
Revlon,feel,2
Revlon,woman,2
Aveeno,active,1
Aveeno,beauty,1
Aveeno,calming,1
Aveeno,happy,1
Aveeno,healthylooking,1
Aveeno,lips,1
Aveeno,naturally,1
Aveeno,naturals,1
Aveeno,naturess,1
Aveeno,positively,1
Aveeno,sensitive,1
Avon,75,1
Avon,brings,1
Avon,business,1
Avon,christmas,1
Avon,join,1
Avon,lady,1
Avon,looked,1
Avon,makes,1
Avon,revolution,1
Avon,service,1
Avon,shop,1
Avon,smartest,1
Avon,spirit,1
Avon,summer,1
Avon,talk,1
Avon,tomorrow,1
Avon,town,1
Avon,understanding,1
Dove,14,1
Dove,20,1
Dove,40,1
Dove,added,1
Dove,allday,1
Dove,approved,1
Dove,bar,1
Dove,beautifully,1
Dove,care,1
Dove,cleans,1
Dove,colourtreated,1
Dove,cream,1
Dove,damage,1
Dove,debate,1
Dove,delicate,1
Dove,doesnt,1
Dove,dry,1
Dove,dryness,1
Dove,effective,1
Dove,fed,1
Dove,fine,1
Dove,goodbye,1
Dove,hotter,1
Dove,join,1
Dove,milder,1
Dove,moisturised,1
Dove,moisturizing,1
Dove,protection,1
Dove,real,1
Dove,result,1
Dove,treats,1
Gillette,aftershave,1
Gillette,cooling,1
Gillette,create,1
Gillette,discover,1
Gillette,easy,1
Gillette,essence,1
Gillette,fresh,1
Gillette,gel,1
Gillette,gillette,1
Gillette,gman,1
Gillette,guarantee,1
Gillette,prepare,1
Gillette,shave,1
Gillette,shimmer,1
Gillette,smile,1
Gillette,time,1
Gillette,treat,1
Gillette,treats,1
Gillette,woman,1
Gillette,women,1
Head & Shoulders,beauty,1
Head & Shoulders,care,1
Head & Shoulders,class,1
Head & Shoulders,company,1
Head & Shoulders,cosmetic,1
Head & Shoulders,day,1
Head & Shoulders,dont,1
Head & Shoulders,experience,1
Head & Shoulders,faithful,1
Head & Shoulders,free,1
Head & Shoulders,glamour,1
Head & Shoulders,head,1
Head & Shoulders,kissable,1
Head & Shoulders,live,1
Head & Shoulders,pride,1
Head & Shoulders,scalp,1
Head & Shoulders,soft,1
Head & Shoulders,source,1
Head & Shoulders,starts,1
Head & Shoulders,stay,1
Head & Shoulders,surprise,1
Head & Shoulders,wear,1
Jergens,art,1
Jergens,body,1
Jergens,color,1
Jergens,difference,1
Jergens,essences,1
Jergens,feel,1
Jergens,flower,1
Jergens,glowing,1
Jergens,hair,1
Jergens,hands,1
Jergens,improved,1
Jergens,jergens,1
Jergens,living,1
Jergens,lov,1
Jergens,love,1
Jergens,moisturizer,1
Jergens,natural,1
Jergens,naturally,1
Jergens,nourishes,1
Jergens,plant,1
Jergens,pretty,1
Jergens,prove,1
Jergens,science,1
Jergens,shine,1
Neutrogena,amber,1
Neutrogena,beauty,1
Neutrogena,care,1
Neutrogena,caring,1
Neutrogena,color,1
Neutrogena,confidence,1
Neutrogena,dedicated,1
Neutrogena,dermatologists,1
Neutrogena,developed,1
Neutrogena,discover,1
Neutrogena,drop,1
Neutrogena,drugstores,1
Neutrogena,formula,1
Neutrogena,hair,1
Neutrogena,makes,1
Neutrogena,naked,1
Neutrogena,natural,1
Neutrogena,neutrogena,1
Neutrogena,people,1
Neutrogena,pure,1
Neutrogena,sing,1
Neutrogena,skincare,1
Neutrogena,suncare,1
Neutrogena,tested,1
Nivea,beaty,1
Nivea,beautiful,1
Nivea,blueprint,1
Nivea,born,1
Nivea,brings,1
Nivea,care,1
Nivea,confidence,1
Nivea,cool,1
Nivea,deodorant,1
Nivea,dry,1
Nivea,forever,1
Nivea,healthy,1
Nivea,kiss,1
Nivea,kissed,1
Nivea,liberating,1
Nivea,life,1
Nivea,live,1
Nivea,lovely,1
Nivea,moisturizes,1
Nivea,moments,1
Nivea,shower,1
Nivea,silence,1
Nivea,statement,1
Nivea,taking,1
Nivea,timeless,1
Nivea,touch,1
Nivea,touched,1
Pantene Pro-V,6,1
Pantene Pro-V,beautiful,1
Pantene Pro-V,beauty,1
Pantene Pro-V,care,1
Pantene Pro-V,celebrating,1
Pantene Pro-V,colour,1
Pantene Pro-V,combats,1
Pantene Pro-V,decide,1
Pantene Pro-V,difference,1
Pantene Pro-V,dos,1
Pantene Pro-V,happen,1
Pantene Pro-V,health,1
Pantene Pro-V,howtos,1
Pantene Pro-V,instantly,1
Pantene Pro-V,keeping,1
Pantene Pro-V,life,1
Pantene Pro-V,makes,1
Pantene Pro-V,mousse,1
Pantene Pro-V,no1,1
Pantene Pro-V,shine,1
Pantene Pro-V,signs,1
Pantene Pro-V,skin,1
Pantene Pro-V,takes,1
Pantene Pro-V,tame,1
Pantene Pro-V,thinking,1
Pantene Pro-V,uks,1
Pantene Pro-V,unhealthy,1
Pantene Pro-V,vibrant,1
Pantene Pro-V,women,1
Revlon,bad,1
Revlon,care,1
Revlon,cosmetics,1
Revlon,day,1
Revlon,difference,1
Revlon,fabulous,1
Revlon,finest,1
Revlon,home,1
Revlon,lipstick,1
Revlon,makes,1
Revlon,nail,1
Revlon,professional,1
Revlon,revolutionary,1
Revlon,wear,1
Revlon,women,1
Revlon,world,1
